Jan-1,01-01,Genesis 1,Matthew 1,Ezra 1,Acts 1
Jan-2,01-02,Genesis 2,Matthew 2,Ezra 2,Acts 2
Jan-3,01-03,Genesis 3,Matthew 3,Ezra 3,Acts 3
Jan-4,01-04,Genesis 4,Matthew 4,Ezra 4,Acts 4
Jan-5,01-05,Genesis 5,Matthew 5,Ezra 5,Acts 5
Jan-6,01-06,Genesis 6,Matthew 6,Ezra 6,Acts 6
Jan-7,01-07,Genesis 7,Matthew 7,Ezra 7,Acts 7
Jan-8,01-08,Genesis 8,Matthew 8,Ezra 8,Acts 8
Jan-9,01-09,Genesis 9-10,Matthew 9,Ezra 9,Acts 9
Jan-10,01-10,Genesis 11,Matthew 10,Ezra 10,Acts 10
Jan-11,01-11,Genesis 12,Matthew 11,Nehemiah 1,Acts 11
Jan-12,01-12,Genesis 13,Matthew 12,Nehemiah 2,Acts 12
Jan-13,01-13,Genesis 14,Matthew 13,Nehemiah 3,Acts 13
Jan-14,01-14,Genesis 15,Matthew 14,Nehemiah 4,Acts 14
Jan-15,01-15,Genesis 16,Matthew 15,Nehemiah 5,Acts 15
Jan-16,01-16,Genesis 17,Matthew 16,Nehemiah 6,Acts 16
Jan-17,01-17,Genesis 18,Matthew 17,Nehemiah 7,Acts 17
Jan-18,01-18,Genesis 19,Matthew 18,Nehemiah 8,Acts 18
Jan-19,01-19,Genesis 20,Matthew 19,Nehemiah 9,Acts 19
Jan-20,01-20,Genesis 21,Matthew 20,Nehemiah 10,Acts 20
Jan-21,01-21,Genesis 22,Matthew 21,Nehemiah 11,Acts 21
Jan-22,01-22,Genesis 23,Matthew 22,Nehemiah 12,Acts 22
Jan-23,01-23,Genesis 24,Matthew 23,Nehemiah 13,Acts 23
Jan-24,01-24,Genesis 25,Matthew 24,Esther 1,Acts 24
Jan-25,01-25,Genesis 26,Matthew 25,Esther 2,Acts 25
Jan-26,01-26,Genesis 27,Matthew 26,Esther 3,Acts 26
Jan-27,01-27,Genesis 28,Matthew 27,Esther 4,Acts 27
Jan-28,01-28,Genesis 29,Matthew 28,Esther 5,Acts 28
Jan-29,01-29,Genesis 30,Mark 1,Esther 6,Romans 1
Jan-30,01-30,Genesis 31,Mark 2,Esther 7,Romans 2
Jan-31,01-31,Genesis 32,Mark 3,Esther 8,Romans 3
Feb-1,02-01,Genesis 33,Mark 4,Esther 9 - 10,Romans 4
Feb-2,02-02,Genesis 34,Mark 5,Job 1,Romans 5
Feb-3,02-03,Genesis 35-36,Mark 6,Job 2,Romans 6
Feb-4,02-04,Genesis 37,Mark 7,Job 3,Romans 7
Feb-5,02-05,Genesis 38,Mark 8,Job 4,Romans 8
Feb-6,02-06,Genesis 39,Mark 9,Job 5,Romans 9
Feb-7,02-07,Genesis 40,Mark 10,Job 6,Romans 10
Feb-8,02-08,Genesis 41,Mark 11,Job 7,Romans 11
Feb-9,02-09,Genesis 42,Mark 12,Job 8,Romans 12
Feb-10,02-10,Genesis 43,Mark 13,Job 9,Romans 13
Feb-11,02-11,Genesis 44,Mark 14,Job 10,Romans 14
Feb-12,02-12,Genesis 45,Mark 15,Job 11,Romans 15
Feb-13,02-13,Genesis 46,Mark 16,Job 12,Romans 16
Feb-14,02-14,Genesis 47,Luke 1:1-38,Job 13,1 Corinthians 1
Feb-15,02-15,Genesis 48,Luke 1:39-80,Job 14,1 Corinthians 2
Feb-16,02-16,Genesis 49,Luke 2,Job 15,1 Corinthians 3
Feb-17,02-17,Genesis 50,Luke 3,Job 16-17,1 Corinthians 4
Feb-18,02-18,Exodus 1,Luke 4,Job 18,1 Corinthians 5
Feb-19,02-19,Exodus 2,Luke 5,Job 19,1 Corinthians 6
Feb-20,02-20,Exodus 3,Luke 6,Job 20,1 Corinthians 7
Feb-21,02-21,Exodus 4,Luke 7,Job 21,1 Corinthians 8
Feb-22,02-22,Exodus 5,Luke 8,Job 22,1 Corinthians 9
Feb-23,02-23,Exodus 6,Luke 9,Job 23,1 Corinthians 10
Feb-24,02-24,Exodus 7,Luke 10,Job 24,1 Corinthians 11
Feb-25,02-25,Exodus 8,Luke 11,Job 25-26,1 Corinthians 12
Feb-26,02-26,Exodus 9,Luke 12,Job 27,1 Corinthians 13
Feb-27,02-27,Exodus 10,Luke 13,Job 28,1 Corinthians 14
Feb-28,02-28,Exodus 11:1-12:21,Luke 14,Job 29,1 Corinthians 15
Mar-1,03-01,Exodus 12:22-51,Luke 15,Job 30,1 Corinthians 16
Mar-2,03-02,Exodus 13,Luke 16,Job 31,2 Corinthians 1
Mar-3,03-03,Exodus 14,Luke 17,Job 32,2 Corinthians 2
Mar-4,03-04,Exodus 15,Luke 18,Job 33,2 Corinthians 3
Mar-5,03-05,Exodus 16,Luke 19,Job 34,2 Corinthians 4
Mar-6,03-06,Exodus 17,Luke 20,Job 35,2 Corinthians 5
Mar-7,03-07,Exodus 18,Luke 21,Job 36,2 Corinthians 6
Mar-8,03-08,Exodus 19,Luke 22,Job 37,2 Corinthians 7
Mar-9,03-09,Exodus 20,Luke 23,Job 38,2 Corinthians 8
Mar-10,03-10,Exodus 21,Luke 24,Job 39,2 Corinthians 9
Mar-11,03-11,Exodus 22,John 1,Job 40,2 Corinthians 10
Mar-12,03-12,Exodus 23,John 2,Job 41,2 Corinthians 11
Mar-13,03-13,Exodus 24,John 3,Job 42,2 Corinthians 12
Mar-14,03-14,Exodus 25,John 4,Proverbs 1,2 Corinthians 13
Mar-15,03-15,Exodus 26,John 5,Proverbs 2,Galatians 1
Mar-16,03-16,Exodus 27,John 6,Proverbs 3,Galatians 2
Mar-17,03-17,Exodus 28,John 7,Proverbs 4,Galatians 3
Mar-18,03-18,Exodus 29,John 8,Proverbs 5,Galatians 4
Mar-19,03-19,Exodus 30,John 9,Proverbs 6,Galatians 5
Mar-20,03-20,Exodus 31,John 10,Proverbs 7,Galatians 6
Mar-21,03-21,Exodus 32,John 11,Proverbs 8,Ephesians 1
Mar-22,03-22,Exodus 33,John 12,Proverbs 9,Ephesians 2
Mar-23,03-23,Exodus 34,John 13,Proverbs 10,Ephesians 3
Mar-24,03-24,Exodus 35,John 14,Proverbs 11,Ephesians 4
Mar-25,03-25,Exodus 36,John 15,Proverbs 12,Ephesians 5
Mar-26,03-26,Exodus 37,John 16,Proverbs 13,Ephesians 6
Mar-27,03-27,Exodus 38,John 17,Proverbs 14,Philippians 1
Mar-28,03-28,Exodus 39,John 18,Proverbs 15,Philippians 2
Mar-29,03-29,Exodus 40,John 19,Proverbs 16,Philippians 3
Mar-30,03-30,Leviticus 1,John 20,Proverbs 17,Philippians 4
Mar-31,03-31,Leviticus 2-3,John 21,Proverbs 18,Colossians 1
Apr-1,04-01,Leviticus 4,Psalms 1-2,Proverbs 19,Colossians 2
Apr-2,04-02,Leviticus 5,Psalms 3-4,Proverbs 20,Colossians 3
Apr-3,04-03,Leviticus 6,Psalms 5-6,Proverbs 21,Colossians 4
Apr-4,04-04,Leviticus 7,Psalms 7-8,Proverbs 22,1 Thessalonians 1
Apr-5,04-05,Leviticus 8,Psalms 9,Proverbs 23,1 Thessalonians 2
Apr-6,04-06,Leviticus 9,Psalms 10,Proverbs 24,1 Thessalonians 3
Apr-7,04-07,Leviticus 10,Psalms 11-12,Proverbs 25,1 Thessalonians 4
Apr-8,04-08,Leviticus 11-12,Psalms 13-14,Proverbs 26,1 Thessalonians 5
Apr-9,04-09,Leviticus 13,Psalms 15-16,Proverbs 27,2 Thessalonians 1
Apr-10,04-10,Leviticus 14,Psalms 17,Proverbs 28,2 Thessalonians 2
Apr-11,04-11,Leviticus 15,Psalms 18,Proverbs 29,2 Thessalonians 3
Apr-12,04-12,Leviticus 16,Psalms 19,Proverbs 30,1 Timothy 1
Apr-13,04-13,Leviticus 17,Psalms 20-21,Proverbs 31,1 Timothy 2
Apr-14,04-14,Leviticus 18,Psalms 22,Ecclesiastes 1,1 Timothy 3
Apr-15,04-15,Leviticus 19,Psalms 23-24,Ecclesiastes 2,1 Timothy 4
Apr-16,04-16,Leviticus 20,Psalms 25,Ecclesiastes 3,1 Timothy 5
Apr-17,04-17,Leviticus 21,Psalms 26-27,Ecclesiastes 4,1 Timothy 6
Apr-18,04-18,Leviticus 22,Psalms 28-29,Ecclesiastes 5,2 Timothy 1
Apr-19,04-19,Leviticus 23,Psalms 30,Ecclesiastes 6,2 Timothy 2
Apr-20,04-20,Leviticus 24,Psalms 31,Ecclesiastes 7,2 Timothy 3
Apr-21,04-21,Leviticus 25,Psalms 32,Ecclesiastes 8,2 Timothy 4
Apr-22,04-22,Leviticus 26,Psalms 33,Ecclesiastes 9,Titus 1
Apr-23,04-23,Leviticus 27,Psalms 34,Ecclesiastes 10,Titus 2
Apr-24,04-24,Numbers 1,Psalms 35,Ecclesiastes 11,Titus 3
Apr-25,04-25,Numbers 2,Psalms 36,Ecclesiastes 12,Philemon
Apr-26,04-26,Numbers 3,Psalms 37,Song of Solomon 1,Hebrews 1
Apr-27,04-27,Numbers 4,Psalms 38,Song of Solomon 2,Hebrews 2
Apr-28,04-28,Numbers 5,Psalms 39,Song of Solomon 3,Hebrews 3
Apr-29,04-29,Numbers 6,Psalms 40-41,Song of Solomon 4,Hebrews 4
Apr-30,04-30,Numbers 7,Psalms 42-43,Song of Solomon 5,Hebrews 5
May-1,05-01,Numbers 8,Psalms 44,Song of Solomon 6,Hebrews 6
May-2,05-02,Numbers 9,Psalms 45,Song of Solomon 7,Hebrews 7
May-3,05-03,Numbers 10,Psalms 46-47,Song of Solomon 8,Hebrews 8
May-4,05-04,Numbers 11,Psalms 48,Isaiah 1,Hebrews 9
May-5,05-05,Numbers 12-13,Psalms 49,Isaiah 2,Hebrews 10
May-6,05-06,Numbers 14,Psalms 50,Isaiah 3-4,Hebrews 11
May-7,05-07,Numbers 15,Psalms 51,Isaiah 5,Hebrews 12
May-8,05-08,Numbers 16,Psalms 52-54,Isaiah 6,Hebrews 13
May-9,05-09,Numbers 17-18,Psalms 55,Isaiah 7,James 1
May-10,05-10,Numbers 19,Psalms 56-57,Isaiah 8:1-9:7,James 2
May-11,05-11,Numbers 20,Psalms 58-59,Isaiah 9:8-10:4,James 3
May-12,05-12,Numbers 21,Psalms 60-61,Isaiah 10:5-34,James 4
May-13,05-13,Numbers 22,Psalms 62-63,Isaiah 11-12,James 5
May-14,05-14,Numbers 23,Psalms 64-65,Isaiah 13,1 Peter 1
May-15,05-15,Numbers 24,Psalms 66-67,Isaiah 14,1 Peter 2
May-16,05-16,Numbers 25,Psalms 68,Isaiah 15,1 Peter 3
May-17,05-17,Numbers 26,Psalms 69,Isaiah 16,1 Peter 4
May-18,05-18,Numbers 27,Psalms 70-71,Isaiah 17-18,1 Peter 5
May-19,05-19,Numbers 28,Psalms 72,Isaiah 19-20,2 Peter 1
May-20,05-20,Numbers 29,Psalms 73,Isaiah 21,2 Peter 2
May-21,05-21,Numbers 30,Psalms 74,Isaiah 22,2 Peter 3
May-22,05-22,Numbers 31,Psalms 75-76,Isaiah 23,1 John 1
May-23,05-23,Numbers 32,Psalms 77,Isaiah 24,1 John 2
May-24,05-24,Numbers 33,Psalms 78:1-37,Isaiah 25,1 John 3
May-25,05-25,Numbers 34,Psalms 78:38-72,Isaiah 26,1 John 4
May-26,05-26,Numbers 35,Psalms 79,Isaiah 27,1 John 5
May-27,05-27,Numbers 36,Psalms 80,Isaiah 28,2 John 1
May-28,05-28,Deuteronomy 1,Psalms 81-82,Isaiah 29,3 John 1
May-29,05-29,Deuteronomy 2,Psalms 83-84,Isaiah 30,Jude
May-30,05-30,Deuteronomy 3,Psalms 85,Isaiah 31,Revelation 1
May-31,05-31,Deuteronomy 4,Psalms 86-87,Isaiah 32,Revelation 2
Jun-1,06-01,Deuteronomy 5,Psalms 88,Isaiah 33,Revelation 3
Jun-2,06-02,Deuteronomy 6,Psalms 89,Isaiah 34,Revelation 4
Jun-3,06-03,Deuteronomy 7,Psalms 90,Isaiah 35,Revelation 5
Jun-4,06-04,Deuteronomy 8,Psalms 91,Isaiah 36,Revelation 6
Jun-5,06-05,Deuteronomy 9,Psalms 92-93,Isaiah 37,Revelation 7
Jun-6,06-06,Deuteronomy 10,Psalms 94,Isaiah 38,Revelation 8
Jun-7,06-07,Deuteronomy 11,Psalms 95-96,Isaiah 39,Revelation 9
Jun-8,06-08,Deuteronomy 12,Psalms 97-98,Isaiah 40,Revelation 10
Jun-9,06-09,Deuteronomy 13-14,Psalms 99-101,Isaiah 41,Revelation 11
Jun-10,06-10,Deuteronomy 15,Psalms 102,Isaiah 42,Revelation 12
Jun-11,06-11,Deuteronomy 16,Psalms 103,Isaiah 43,Revelation 13
Jun-12,06-12,Deuteronomy 17,Psalms 104,Isaiah 44,Revelation 14
Jun-13,06-13,Deuteronomy 18,Psalms 105,Isaiah 45,Revelation 15
Jun-14,06-14,Deuteronomy 19,Psalms 106,Isaiah 46,Revelation 16
Jun-15,06-15,Deuteronomy 20,Psalms 107,Isaiah 47,Revelation 17
Jun-16,06-16,Deuteronomy 21,Psalms 108-109,Isaiah 48,Revelation 18
Jun-17,06-17,Deuteronomy 22,Psalms 110-111,Isaiah 49,Revelation 19
Jun-18,06-18,Deuteronomy 23,Psalms 112-113,Isaiah 50,Revelation 20
Jun-19,06-19,Deuteronomy 24,Psalms 114-115,Isaiah 51,Revelation 21
Jun-20,06-20,Deuteronomy 25,Psalms 116,Isaiah 52,Revelation 22
Jun-21,06-21,Deuteronomy 26,Psalms 117-118,Isaiah 53,Matthew 1
Jun-22,06-22,Deuteronomy 27:1-28:19,Psalms 119:1-24,Isaiah 54,Matthew 2
Jun-23,06-23,Deuteronomy 28:20-68,Psalms 119:25-48,Isaiah 55,Matthew 3
Jun-24,06-24,Deuteronomy 29,Psalms 119:49-72,Isaiah 56,Matthew 4
Jun-25,06-25,Deuteronomy 30,Psalms 119:73-96,Isaiah 57,Matthew 5
Jun-26,06-26,Deuteronomy 31,Psalms 119:97-120,Isaiah 58,Matthew 6
Jun-27,06-27,Deuteronomy 32,Psalms 119:121-144,Isaiah 59,Matthew 7
Jun-28,06-28,Deuteronomy 33-34,Psalms 119:145-176,Isaiah 60,Matthew 8
Jun-29,06-29,Joshua 1,Psalms 120-122,Isaiah 61,Matthew 9
Jun-30,06-30,Joshua 2,Psalms 123-125,Isaiah 62,Matthew 10
Jul-1,07-01,Joshua 3,Psalms 126-128,Isaiah 63,Matthew 11
Jul-2,07-02,Joshua 4,Psalms 129-131,Isaiah 64,Matthew 12
Jul-3,07-03,Joshua 5:1-6:5,Psalms 132-134,Isaiah 65,Matthew 13
Jul-4,07-04,Joshua 6:6-27,Psalms 135-136,Isaiah 66,Matthew 14
Jul-5,07-05,Joshua 7,Psalms 137-138,Jeremiah 1,Matthew 15
Jul-6,07-06,Joshua 8,Psalms 139,Jeremiah 2,Matthew 16
Jul-7,07-07,Joshua 9,Psalms 140-141,Jeremiah 3,Matthew 17
Jul-8,07-08,Joshua 10,Psalms 142-143,Jeremiah 4,Matthew 18
Jul-9,07-09,Joshua 11,Psalms 144,Jeremiah 5,Matthew 19
Jul-10,07-10,Joshua 12-13,Psalms 145,Jeremiah 6,Matthew 20
Jul-11,07-11,Joshua 14-15,Psalms 146-147,Jeremiah 7,Matthew 21
Jul-12,07-12,Joshua 16-17,Psalms 148,Jeremiah 8,Matthew 22
Jul-13,07-13,Joshua 18-19,Psalms 149-150,Jeremiah 9,Matthew 23
Jul-14,07-14,Joshua 20-21,Acts 1,Jeremiah 10,Matthew 24
Jul-15,07-15,Joshua 22,Acts 2,Jeremiah 11,Matthew 25
Jul-16,07-16,Joshua 23,Acts 3,Jeremiah 12,Matthew 26
Jul-17,07-17,Joshua 24,Acts 4,Jeremiah 13,Matthew 27
Jul-18,07-18,Judges 1,Acts 5,Jeremiah 14,Matthew 28
Jul-19,07-19,Judges 2,Acts 6,Jeremiah 15,Mark 1
Jul-20,07-20,Judges 3,Acts 7,Jeremiah 16,Mark 2
Jul-21,07-21,Judges 4,Acts 8,Jeremiah 17,Mark 3
Jul-22,07-22,Judges 5,Acts 9,Jeremiah 18,Mark 4
Jul-23,07-23,Judges 6,Acts 10,Jeremiah 19,Mark 5
Jul-24,07-24,Judges 7,Acts 11,Jeremiah 20,Mark 6
Jul-25,07-25,Judges 8,Acts 12,Jeremiah 21,Mark 7
Jul-26,07-26,Judges 9,Acts 13,Jeremiah 22,Mark 8
Jul-27,07-27,Judges 10:1-11:11,Acts 14,Jeremiah 23,Mark 9
Jul-28,07-28,Judges 11:12-40,Acts 15,Jeremiah 24,Mark 10
Jul-29,07-29,Judges 12,Acts 16,Jeremiah 25,Mark 11
Jul-30,07-30,Judges 13,Acts 17,Jeremiah 26,Mark 12
Jul-31,07-31,Judges 14,Acts 18,Jeremiah 27,Mark 13
Aug-1,08-01,Judges 15,Acts 19,Jeremiah 28,Mark 14
Aug-2,08-02,Judges 16,Acts 20,Jeremiah 29,Mark 15
Aug-3,08-03,Judges 17,Acts 21,Jeremiah 30-31,Mark 16
Aug-4,08-04,Judges 18,Acts 22,Jeremiah 32,Psalms 1-2
Aug-5,08-05,Judges 19,Acts 23,Jeremiah 33,Psalms 3-4
Aug-6,08-06,Judges 20,Acts 24,Jeremiah 34,Psalms 5-6
Aug-7,08-07,Judges 21,Acts 25,Jeremiah 35,Psalms 7-8
Aug-8,08-08,Ruth 1,Acts 26,"Jeremiah 36,45",Psalms 9
Aug-9,08-09,Ruth 2,Acts 27,Jeremiah 37,Psalms 10
Aug-10,08-10,Ruth 3-4,Acts 28,Jeremiah 38,Psalms 11-12
Aug-11,08-11,1 Samuel 1,Romans 1,Jeremiah 39,Psalms 13-14
Aug-12,08-12,1 Samuel 2,Romans 2,Jeremiah 40,Psalms 15-16
Aug-13,08-13,1 Samuel 3,Romans 3,Jeremiah 41,Psalms 17
Aug-14,08-14,1 Samuel 4,Romans 4,Jeremiah 42,Psalms 18
Aug-15,08-15,1 Samuel 5-6,Romans 5,Jeremiah 43,Psalms 19
Aug-16,08-16,1 Samuel 7-8,Romans 6,Jeremiah 44,Psalms 20-21
Aug-17,08-17,1 Samuel 9,Romans 7,Jeremiah 46,Psalms 22
Aug-18,08-18,1 Samuel 10,Romans 8,Jeremiah 47,Psalms 23-24
Aug-19,08-19,1 Samuel 11,Romans 9,Jeremiah 48,Psalms 25
Aug-20,08-20,1 Samuel 12,Romans 10,Jeremiah 49,Psalms 26-27
Aug-21,08-21,1 Samuel 13,Romans 11,Jeremiah 50,Psalms 28-29
Aug-22,08-22,1 Samuel 14,Romans 12,Jeremiah 51,Psalms 30
Aug-23,08-23,1 Samuel 15,Romans 13,Jeremiah 52,Psalms 31
Aug-24,08-24,1 Samuel 16,Romans 14,Lamentations 1,Psalms 32
Aug-25,08-25,1 Samuel 17,Romans 15,Lamentations 2,Psalms 33
Aug-26,08-26,1 Samuel 18,Romans 16,Lamentations 3,Psalms 34
Aug-27,08-27,1 Samuel 19,1 Corinthians 1,Lamentations 4,Psalms 35
Aug-28,08-28,1 Samuel 20,1 Corinthians 2,Lamentations 5,Psalms 36
Aug-29,08-29,1 Samuel 21-22,1 Corinthians 3,Ezekiel 1,Psalms 37
Aug-30,08-30,1 Samuel 23,1 Corinthians 4,Ezekiel 2,Psalms 38
Aug-31,08-31,1 Samuel 24,1 Corinthians 5,Ezekiel 3,Psalms 39
Sep-1,09-01,1 Samuel 25,1 Corinthians 6,Ezekiel 4,Psalms 40-41
Sep-2,09-02,1 Samuel 26,1 Corinthians 7,Ezekiel 5,Psalms 42-43
Sep-3,09-03,1 Samuel 27,1 Corinthians 8,Ezekiel 6,Psalms 44
Sep-4,09-04,1 Samuel 28,1 Corinthians 9,Ezekiel 7,Psalms 45
Sep-5,09-05,1 Samuel 29-30,1 Corinthians 10,Ezekiel 8,Psalms 46-47
Sep-6,09-06,1 Samuel 31,1 Corinthians 11,Ezekiel 9,Psalms 48
Sep-7,09-07,2 Samuel 1,1 Corinthians 12,Ezekiel 10,Psalms 49
Sep-8,09-08,2 Samuel 2,1 Corinthians 13,Ezekiel 11,Psalms 50
Sep-9,09-09,2 Samuel 3,1 Corinthians 14,Ezekiel 12,Psalms 51
Sep-10,09-10,2 Samuel 4-5,1 Corinthians 15,Ezekiel 13,Psalms 52-54
Sep-11,09-11,2 Samuel 6,1 Corinthians 16,Ezekiel 14,Psalms 55
Sep-12,09-12,2 Samuel 7,2 Corinthians 1,Ezekiel 15,Psalms 56-57
Sep-13,09-13,2 Samuel 8-9,2 Corinthians 2,Ezekiel 16,Psalms 58-59
Sep-14,09-14,2 Samuel 10,2 Corinthians 3,Ezekiel 17,Psalms 60-61
Sep-15,09-15,2 Samuel 11,2 Corinthians 4,Ezekiel 18,Psalms 62-63
Sep-16,09-16,2 Samuel 12,2 Corinthians 5,Ezekiel 19,Psalms 64-65
Sep-17,09-17,2 Samuel 13,2 Corinthians 6,Ezekiel 20,Psalms 66-67
Sep-18,09-18,2 Samuel 14,2 Corinthians 7,Ezekiel 21,Psalms 68
Sep-19,09-19,2 Samuel 15,2 Corinthians 8,Ezekiel 22,Psalms 69
Sep-20,09-20,2 Samuel 16,2 Corinthians 9,Ezekiel 23,Psalms 70-71
Sep-21,09-21,2 Samuel 17,2 Corinthians 10,Ezekiel 24,Psalms 72
Sep-22,09-22,2 Samuel 18,2 Corinthians 11,Ezekiel 25,Psalms 73
Sep-23,09-23,2 Samuel 19,2 Corinthians 12,Ezekiel 26,Psalms 74
Sep-24,09-24,2 Samuel 20,2 Corinthians 13,Ezekiel 27,Psalms 75-76
Sep-25,09-25,2 Samuel 21,Galatians 1,Ezekiel 28,Psalms 77
Sep-26,09-26,2 Samuel 22,Galatians 2,Ezekiel 29,Psalms 78:1-37
Sep-27,09-27,2 Samuel 23,Galatians 3,Ezekiel 30,Psalms 78:38-72
Sep-28,09-28,2 Samuel 24,Galatians 4,Ezekiel 31,Psalms 79
Sep-29,09-29,1 Kings 1,Galatians 5,Ezekiel 32,Psalms 80
Sep-30,09-30,1 Kings 2,Galatians 6,Ezekiel 33,Psalms 81-82
Oct-1,10-01,1 Kings 3,Ephesians 1,Ezekiel 34,Psalms 83-84
Oct-2,10-02,1 Kings 4-5,Ephesians 2,Ezekiel 35,Psalms 85
Oct-3,10-03,1 Kings 6,Ephesians 3,Ezekiel 36,Psalms 86
Oct-4,10-04,1 Kings 7,Ephesians 4,Ezekiel 37,Psalms 87-88
Oct-5,10-05,1 Kings 8,Ephesians 5,Ezekiel 38,Psalms 89
Oct-6,10-06,1 Kings 9,Ephesians 6,Ezekiel 39,Psalms 90
Oct-7,10-07,1 Kings 10,Philippians 1,Ezekiel 40,Psalms 91
Oct-8,10-08,1 Kings 11,Philippians 2,Ezekiel 41,Psalms 92-93
Oct-9,10-09,1 Kings 12,Philippians 3,Ezekiel 42,Psalms 94
Oct-10,10-10,1 Kings 13,Philippians 4,Ezekiel 43,Psalms 95-96
Oct-11,10-11,1 Kings 14,Colossians 1,Ezekiel 44,Psalms 97-98
Oct-12,10-12,1 Kings 15,Colossians 2,Ezekiel 45,Psalms 99-101
Oct-13,10-13,1 Kings 16,Colossians 3,Ezekiel 46,Psalms 102
Oct-14,10-14,1 Kings 17,Colossians 4,Ezekiel 47,Psalms 103
Oct-15,10-15,1 Kings 18,1 Thessalonians 1,Ezekiel 48,Psalms 104
Oct-16,10-16,1 Kings 19,1 Thessalonians 2,Daniel 1,Psalms 105
Oct-17,10-17,1 Kings 20,1 Thessalonians 3,Daniel 2,Psalms 106
Oct-18,10-18,1 Kings 21,1 Thessalonians 4,Daniel 3,Psalms 107
Oct-19,10-19,1 Kings 22,1 Thessalonians 5,Daniel 4,Psalms 108-109
Oct-20,10-20,2 Kings 1,2 Thessalonians 1,Daniel 5,Psalms 110-111
Oct-21,10-21,2 Kings 2,2 Thessalonians 2,Daniel 6,Psalms 112-113
Oct-22,10-22,2 Kings 3,2 Thessalonians 3,Daniel 7,Psalms 114-115
Oct-23,10-23,2 Kings 4,1 Timothy 1,Daniel 8,Psalms 116
Oct-24,10-24,2 Kings 5,1 Timothy 2,Daniel 9,Psalms 117-118
Oct-25,10-25,2 Kings 6,1 Timothy 3,Daniel 10,Psalms 119:1-24
Oct-26,10-26,2 Kings 7,1 Timothy 4,Daniel 11,Psalms 119:25-48
Oct-27,10-27,2 Kings 8,1 Timothy 5,Daniel 12,Psalms 119:49-72
Oct-28,10-28,2 Kings 9,1 Timothy 6,Hosea 1,Psalms 119:73-96
Oct-29,10-29,2 Kings 10,2 Timothy 1,Hosea 2,Psalms 119:97-120
Oct-30,10-30,2 Kings 11-12,2 Timothy 2,Hosea 3-4,Psalms 119:121-144
Oct-31,10-31,2 Kings 13,2 Timothy 3,Hosea 5-6,Psalms 119:145-176
Nov-1,11-01,2 Kings 14,2 Timothy 4,Hosea 7,Psalms 120-122
Nov-2,11-02,2 Kings 15,Titus 1,Hosea 8,Psalms 123-125
Nov-3,11-03,2 Kings 16,Titus 2,Hosea 9,Psalms 126-128
Nov-4,11-04,2 Kings 17,Titus 3,Hosea 10,Psalms 129-131
Nov-5,11-05,2 Kings 18,Philemon,Hosea 11,Psalms 132-134
Nov-6,11-06,2 Kings 19,Hebrews 1,Hosea 12,Psalms 135-136
Nov-7,11-07,2 Kings 20,Hebrews 2,Hosea 13,Psalms 137-138
Nov-8,11-08,2 Kings 21,Hebrews 3,Hosea 14,Psalms 139
Nov-9,11-09,2 Kings 22,Hebrews 4,Joel 1,Psalms 140-141
Nov-10,11-10,2 Kings 23,Hebrews 5,Joel 2,Psalms 142
Nov-11,11-11,2 Kings 24,Hebrews 6,Joel 3,Psalms 143
Nov-12,11-12,2 Kings 25,Hebrews 7,Amos 1,Psalms 144
Nov-13,11-13,1 Chronicles 1-2,Hebrews 8,Amos 2,Psalms 145
Nov-14,11-14,1 Chronicles 3-4,Hebrews 9,Amos 3,Psalms 146-147
Nov-15,11-15,1 Chronicles 5-6,Hebrews 10,Amos 4,Psalms 148-150
Nov-16,11-16,1 Chronicles 7-8,Hebrews 11,Amos 5,Luke 1:1-38
Nov-17,11-17,1 Chronicles 9-10,Hebrews 12,Amos 6,Luke 1:39-80
Nov-18,11-18,1 Chronicles 11-12,Hebrews 13,Amos 7,Luke 2
Nov-19,11-19,1 Chronicles 13-14,James 1,Amos 8,Luke 3
Nov-20,11-20,1 Chronicles 15,James 2,Amos 9,Luke 4
Nov-21,11-21,1 Chronicles 16,James 3,Obadiah,Luke 5
Nov-22,11-22,1 Chronicles 17,James 4,Jonah 1,Luke 6
Nov-23,11-23,1 Chronicles 18,James 5,Jonah 2,Luke 7
Nov-24,11-24,1 Chronicles 19-20,1 Peter 1,Jonah 3,Luke 8
Nov-25,11-25,1 Chronicles 21,1 Peter 2,Jonah 4,Luke 9
Nov-26,11-26,1 Chronicles 22,1 Peter 3,Micah 1,Luke 10
Nov-27,11-27,1 Chronicles 23,1 Peter 4,Micah 2,Luke 11
Nov-28,11-28,1 Chronicles 24-25,1 Peter 5,Micah 3,Luke 12
Nov-29,11-29,1 Chronicles 26-27,2 Peter 1,Micah 4,Luke 13
Nov-30,11-30,1 Chronicles 28,2 Peter 2,Micah 5,Luke 14
Dec-1,12-01,1 Chronicles 29,2 Peter 3,Micah 6,Luke 15
Dec-2,12-02,2 Chronicles 1,1 John 1,Micah 7,Luke 16
Dec-3,12-03,2 Chronicles 2,1 John 2,Nahum 1,Luke 17
Dec-4,12-04,2 Chronicles 3-4,1 John 3,Nahum 2,Luke 18
Dec-5,12-05,2 Chronicles 5:1-6:11,1 John 4,Nahum 3,Luke 19
Dec-6,12-06,2 Chronicles 6:12-42,1 John 5,Habakkuk 1,Luke 20
Dec-7,12-07,2 Chronicles 7,2 John 1,Habakkuk 2,Luke 21
Dec-8,12-08,2 Chronicles 8,3 John 1,Habakkuk 3,Luke 22
Dec-9,12-09,2 Chronicles 9,Jude,Zephaniah 1,Luke 23
Dec-10,12-10,2 Chronicles 10,Revelation 1,Zephaniah 2,Luke 24
Dec-11,12-11,2 Chronicles 11-12,Revelation 2,Zephaniah 3,John 1
Dec-12,12-12,2 Chronicles 13,Revelation 3,Haggai 1,John 2
Dec-13,12-13,2 Chronicles 14-15,Revelation 4,Haggai 2,John 3
Dec-14,12-14,2 Chronicles 16,Revelation 5,Zechariah 1,John 4
Dec-15,12-15,2 Chronicles 17,Revelation 6,Zechariah 2,John 5
Dec-16,12-16,2 Chronicles 18,Revelation 7,Zechariah 3,John 6
Dec-17,12-17,2 Chronicles 19-20,Revelation 8,Zechariah 4,John 7
Dec-18,12-18,2 Chronicles 21,Revelation 9,Zechariah 5,John 8
Dec-19,12-19,2 Chronicles 22-23,Revelation 10,Zechariah 6,John 9
Dec-20,12-20,2 Chronicles 24,Revelation 11,Zechariah 7,John 10
Dec-21,12-21,2 Chronicles 25,Revelation 12,Zechariah 8,John 11
Dec-22,12-22,2 Chronicles 26,Revelation 13,Zechariah 9,John 12
Dec-23,12-23,2 Chronicles 27-28,Revelation 14,Zechariah 10,John 13
Dec-24,12-24,2 Chronicles 29,Revelation 15,Zechariah 11,John 14
Dec-25,12-25,2 Chronicles 30,Revelation 16,Zechariah 12:1-13:1,John 15
Dec-26,12-26,2 Chronicles 31,Revelation 17,Zechariah 13:2-9,John 16
Dec-27,12-27,2 Chronicles 32,Revelation 18,Zechariah 14,John 17
Dec-28,12-28,2 Chronicles 33,Revelation 19,Malachi 1,John 18
Dec-29,12-29,2 Chronicles 34,Revelation 20,Malachi 2,John 19
Dec-30,12-30,2 Chronicles 35,Revelation 21,Malachi 3,John 20
Dec-31,12-31,2 Chronicles 36,Revelation 22,Malachi 4,John 21
